ID,Origin_ID,Origin_Labels,Destination_ID,Destination_Labels,allele_extra:str
085c38a9453f121d,10xGenomics/005,Individual,HLA-B*08,MhcA,
0c12e41ff7250142,PMID:15596521/065,Individual,HLA-A*01:01,MhcA,
0fc4ac3cb629a6e8,10xGenomics/005,Individual,HLA-A*24:02,MhcA,
19115a5876bf565c,PMID:15596521/065,Individual,HLA-DRB1*15:01,MhcB,:01
40dba287cb66272d,PMID:21135165/LTS5,Individual,HLA-B*27,MhcA,
48bcb01007c20336,PMID:15596521/065,Individual,HLA-DRB1*08:03,MhcB,:02
555f59b9e64e1fe0,PMID:15596521/065,Individual,B2M,MhcB,
6602a288edc93f32,PMID:21135165/LTS5,Individual,HLA-B*27:05,MhcA,
68c5cfe1a247d460,10xGenomics/005,Individual,HLA-B*57:01,MhcA,
68e4948c9afdca31,PMID:21135165/LTS5,Individual,HLA-A*03,MhcA,
74343378e352290e,10xGenomics/005,Individual,HLA-B*08:01,MhcA,
7c73f79e94d0e9e9,PMID:15596521/065,Individual,HLA-B*08:01,MhcA,
8983bf72fe0244ff,PMID:21135165/LTS5,Individual,B2M,MhcB,
9217b89b50fe7690,PMID:15596521/065,Individual,HLA-C*06:02,MhcA,
9632c1697f35cf8b,10xGenomics/005,Individual,HLA-C*07:01,MhcA,
9680fd78c3fdadf2,10xGenomics/005,Individual,B2M,MhcB,
a633353d0f57c3fc,PMID:15596521/065,Individual,HLA-A*02:01,MhcA,
b0141d08e7f4e1c5,10xGenomics/005,Individual,HLA-A*02:01,MhcA,
b37e6dd89c833137,10xGenomics/005,Individual,HLA-DRB1*07:01,MhcB,
b59dc65238da8940,10xGenomics/005,Individual,HLA-DRB1*13:01,MhcB,
be2be39c6e75cff1,PMID:21135165/LTS5,Individual,HLA-A*02,MhcA,
cec9b049bde77e39,PMID:15596521/065,Individual,HLA-B*08,MhcA,
d7f5e232c252f1fb,PMID:15596521/065,Individual,HLA-C*07:01,MhcA,
d92d3906658ba50f,PMID:15596521/065,Individual,HLA-B*57:01,MhcA,
db48213d3bd77977,10xGenomics/005,Individual,HLA-C*06:02,MhcA,
